{
  "packages": [
    {
      "name": "SparkFun",
      "maintainer": "SparkFun Electronics",
      "websiteURL": "https://SparkFun.com",
      "email": "TechSupport@SparkFun.com",
      "help": {
        "online": "https://learn.sparkfun.com/tutorials/installing-arduino-ide/board-add-ons-with-arduino-board-manager"
      },
      "platforms": [
        {
          "name": "SparkFun Apollo3 Boards",
          "architecture": "apollo3",
          "version": "1.0.30",
          "category": "Contributed",
          "url": "https://github.com/sparkfun/Arduino_Apollo3/archive/v1.0.30_ble-beta.tar.gz",
          "archiveFileName": "Arduino_Apollo3-1.0.30_ble-beta.tar.gz",
          "checksum": "SHA-256:0c90ce012b94ab584005f8aa791efc8e3577580048256131d174eadb6fd7c709",
          "size": "78908328",
          "help": {
            "online": "https://learn.sparkfun.com/tutorials/installing-arduino-ide/board-add-ons-with-arduino-board-manager"
          },
          "boards": [
            { "name": "SparkFun Artemis Module" },
            { "name": "SparkFun RedBoard Artemis" },
            { "name": "SparkFun RedBoard Artemis ATP" },
            { "name": "SparkFun RedBoard Artemis Nano" },
            { "name": "SparkFun Artemis Thing Plus" },
            { "name": "SparkFun Edge" },
            { "name": "SparkFun Edge2" }
          ],
          "toolsDependencies": [
            { "packager": "SparkFun", "name": "arm-none-eabi-gcc", "version": "8-2018-q4-major" }
          ]
        },
        {
          "name": "SparkFun Apollo3 Boards",
          "architecture": "apollo3",
          "version": "1.0.29",
          "category": "Contributed",
          "url": "https://github.com/sparkfun/Arduino_Apollo3/archive/v1.0.29_ble-beta.tar.gz",
          "archiveFileName": "Arduino_Apollo3-1.0.29_ble-beta.tar.gz",
          "checksum": "SHA-256:7e40c8e365d76a1d05b8b6a61ac2b6819b8ce41a8c41390cb61a89d9367a79cd",
          "size": "64401917",
          "help": {
            "online": "https://learn.sparkfun.com/tutorials/installing-arduino-ide/board-add-ons-with-arduino-board-manager"
          },
          "boards": [
            { "name": "SparkFun Artemis Module" },
            { "name": "SparkFun RedBoard Artemis" },
            { "name": "SparkFun RedBoard Artemis ATP" },
            { "name": "SparkFun RedBoard Artemis Nano" },
            { "name": "SparkFun Artemis Thing Plus" },
            { "name": "SparkFun Edge" },
            { "name": "SparkFun Edge2" }
          ],
          "toolsDependencies": [
            { "packager": "SparkFun", "name": "arm-none-eabi-gcc", "version": "8-2018-q4-major" }
          ]
        },
        {
          "name": "SparkFun Apollo3 Boards",
          "architecture": "apollo3",
          "version": "1.0.28",
          "category": "Contributed",
          "url": "https://github.com/sparkfun/Arduino_Apollo3/archive/v1.0.28_ble-beta.tar.gz",
          "archiveFileName": "Arduino_Apollo3-1.0.28_ble-beta.tar.gz",
          "checksum": "SHA-256:fb699e84dc66137ebcc4dee59b58cd6395d50c023fd9c66c3a7da16611a1a8dd",
          "size": "64399205",
          "help": {
            "online": "https://learn.sparkfun.com/tutorials/installing-arduino-ide/board-add-ons-with-arduino-board-manager"
          },
          "boards": [
            { "name": "SparkFun Artemis Module" },
            { "name": "SparkFun RedBoard Artemis" },
            { "name": "SparkFun RedBoard Artemis ATP" },
            { "name": "SparkFun RedBoard Artemis Nano" },
            { "name": "SparkFun Artemis Thing Plus" },
            { "name": "SparkFun Edge" },
            { "name": "SparkFun Edge2" }
          ],
          "toolsDependencies": [
            { "packager": "SparkFun", "name": "arm-none-eabi-gcc", "version": "8-2018-q4-major" }
          ]
        },
        {
          "name": "SparkFun Apollo3 Boards",
          "architecture": "apollo3",
          "version": "1.0.27",
          "category": "Contributed",
          "url": "https://github.com/sparkfun/Arduino_Apollo3/archive/v1.0.27_ble-beta.tar.gz",
          "archiveFileName": "Arduino_Apollo3-1.0.27_ble-beta.tar.gz",
          "checksum": "SHA-256:5a50e63d4a1e0d4c9e9812338b6adb433062ab0df539975c6bb6e65a266e42fa",
          "size": "64398505",
          "help": {
            "online": "https://learn.sparkfun.com/tutorials/installing-arduino-ide/board-add-ons-with-arduino-board-manager"
          },
          "boards": [
            { "name": "SparkFun Artemis Module" },
            { "name": "SparkFun RedBoard Artemis" },
            { "name": "SparkFun RedBoard Artemis ATP" },
            { "name": "SparkFun RedBoard Artemis Nano" },
            { "name": "SparkFun Artemis Thing Plus" },
            { "name": "SparkFun Edge" },
            { "name": "SparkFun Edge2" }
          ],
          "toolsDependencies": [
            { "packager": "SparkFun", "name": "arm-none-eabi-gcc", "version": "8-2018-q4-major" }
          ]
        },
        {
          "name": "SparkFun Apollo3 Boards",
          "architecture": "apollo3",
          "version": "1.0.23",
          "category": "Contributed",
          "url": "https://github.com/sparkfun/Arduino_Apollo3/archive/v1.0.23_ble-beta.tar.gz",
          "archiveFileName": "Arduino_Apollo3-1.0.23_ble-beta.tar.gz",
          "checksum": "SHA-256:c7128c8f5b30b71f3b498ac3f88758564fb8f6fa3eb8dded45b00873e3e16ffa",
          "size": "64396858",
          "help": {
            "online": "https://learn.sparkfun.com/tutorials/installing-arduino-ide/board-add-ons-with-arduino-board-manager"
          },
          "boards": [
            { "name": "SparkFun Artemis Module" },
            { "name": "SparkFun RedBoard Artemis" },
            { "name": "SparkFun RedBoard Artemis ATP" },
            { "name": "SparkFun RedBoard Artemis Nano" },
            { "name": "SparkFun Artemis Thing Plus" },
            { "name": "SparkFun Edge" },
            { "name": "SparkFun Edge2" }
          ],
          "toolsDependencies": [
            { "packager": "SparkFun", "name": "arm-none-eabi-gcc", "version": "8-2018-q4-major" } 
          ]
        },
        {
          "name": "SparkFun Apollo3 Boards",
          "architecture": "apollo3",
          "version": "1.0.20",
          "category": "Contributed",
          "url": "https://github.com/sparkfun/Arduino_Apollo3/archive/v1.0.20_ble-beta.tar.gz",
          "archiveFileName": "Arduino_Apollo3-1.0.20_ble-beta.tar.gz",
          "checksum": "SHA-256:da6de17179dda462a1a2abd0ab1f384e4fcfe0ad0e581fd4720f254042767bce",
          "size": "63501439",
          "help": {
            "online": "https://learn.sparkfun.com/tutorials/installing-arduino-ide/board-add-ons-with-arduino-board-manager"
          },
          "boards": [
            { "name": "SparkFun Artemis Module" },
            { "name": "SparkFun RedBoard Artemis" },
            { "name": "SparkFun RedBoard Artemis ATP" },
            { "name": "SparkFun RedBoard Artemis Nano" },
            { "name": "SparkFun Artemis Thing Plus" },
            { "name": "SparkFun Edge" },
            { "name": "SparkFun Edge2" }
          ],
          "toolsDependencies": [
            { "packager": "SparkFun", "name": "arm-none-eabi-gcc", "version": "8-2018-q4-major" } 
          ]
        },
        {
          "name": "SparkFun Apollo3 Boards",
          "architecture": "apollo3",
          "version": "1.0.17",
          "category": "Contributed",
          "url": "https://github.com/sparkfun/Arduino_Apollo3/archive/v1.0.17_ble-beta.tar.gz",
          "archiveFileName": "Arduino_Apollo3-1.0.17_ble-beta.tar.gz",
          "checksum": "SHA-256:63918da5aeacafd3dcace4bd34a02a29044b926167b0de0e8ffd0d1fdc1835d0",
          "size": "47788681",
          "help": {
            "online": "https://learn.sparkfun.com/tutorials/installing-arduino-ide/board-add-ons-with-arduino-board-manager"
          },
          "boards": [
            { "name": "SparkFun Artemis Module" },
            { "name": "SparkFun RedBoard Artemis" },
            { "name": "SparkFun RedBoard Artemis ATP" },
            { "name": "SparkFun RedBoard Artemis Nano" },
            { "name": "SparkFun Artemis Thing Plus" },
            { "name": "SparkFun Edge" },
            { "name": "SparkFun Edge2" }
          ],
          "toolsDependencies": [
            { "packager": "SparkFun", "name": "arm-none-eabi-gcc", "version": "8-2018-q4-major" } 
          ]
        },
        {
          "name": "SparkFun Apollo3 Boards",
          "architecture": "apollo3",
          "version": "1.0.11",
          "category": "Contributed",
          "url": "https://github.com/sparkfun/Arduino_Apollo3/archive/v1.0.11_ble-beta.tar.gz",
          "archiveFileName": "Arduino_Apollo3-1.0.11_ble-beta.tar.gz",
          "checksum": "SHA-256:ceddc7ee397108c6c71cc7eacebbff547b40b4a49bf7f20899dc09d864774a3e",
          "size": "48118344",
          "help": {
            "online": "https://learn.sparkfun.com/tutorials/installing-arduino-ide/board-add-ons-with-arduino-board-manager"
          },
          "boards": [
            { "name": "SparkFun Artemis Module" },
            { "name": "SparkFun RedBoard Artemis" },
            { "name": "SparkFun RedBoard Artemis ATP" },
            { "name": "SparkFun RedBoard Artemis Nano" },
            { "name": "SparkFun Artemis Thing Plus" },
            { "name": "SparkFun Edge" },
            { "name": "SparkFun Edge2" }
          ],
          "toolsDependencies": [
            { "packager": "SparkFun", "name": "arm-none-eabi-gcc", "version": "8-2018-q4-major" } 
          ]
        },
        {
          "name": "SparkFun Apollo3 Boards",
          "architecture": "apollo3",
          "version": "1.0.4",
          "category": "Contributed",
          "url": "https://github.com/sparkfun/Arduino_Apollo3/archive/v1.0.4.tar.gz",
          "archiveFileName": "Arduino_Apollo3-1.0.4.tar.gz",
          "checksum": "SHA-256:e7881e3aec46fc8269586506634d1e4838f3de14e422ca37ac65c0c73e5edd50",
          "size": "47539194",
          "help": {
            "online": "https://learn.sparkfun.com/tutorials/installing-arduino-ide/board-add-ons-with-arduino-board-manager"
          },
          "boards": [
            { "name": "SparkFun Artemis Module" },
            { "name": "SparkFun BlackBoard Artemis" },
            { "name": "SparkFun BlackBoard Artemis ATP" },
            { "name": "SparkFun BlackBoard Artemis Nano" },
            { "name": "SparkFun Edge" }
          ],
          "toolsDependencies": [
            { "packager": "SparkFun", "name": "arm-none-eabi-gcc", "version": "8-2018-q4-major" } 
          ]
        },
        {
          "name": "SparkFun Apollo3 Boards",
          "architecture": "apollo3",
          "version": "1.0.0",
          "category": "Contributed",
          "url": "https://github.com/sparkfun/Arduino_Apollo3/archive/1.0.0.zip",
          "archiveFileName": "Arduino_Apollo3-1.0.0.zip",
          "checksum": "SHA-256:36f0e04e2f2d2b281622d0f7fc1c41f38f1a24b6824c3f2f2b568cb29eb9fb6b",
          "size": "66433091",
          "help": {
            "online": "https://learn.sparkfun.com/tutorials/installing-arduino-ide/board-add-ons-with-arduino-board-manager"
          },
          "boards": [
            { "name": "SparkFun Artemis Module" },
            { "name": "SparkFun BlackBoard Artemis" },
            { "name": "SparkFun BlackBoard Artemis ATP" },
            { "name": "SparkFun BlackBoard Artemis Nano" },
            { "name": "SparkFun Edge" }
          ],
          "toolsDependencies": [
            { "packager": "SparkFun", "name": "arm-none-eabi-gcc", "version": "8-2018-q4-major" } 
          ]
        },
        {
          "name": "SparkFun Apollo3 Boards",
          "architecture": "apollo3",
          "version": "0.0.0",
          "category": "Contributed",
          "url": "https://github.com/sparkfun/Arduino_Apollo3/archive/0.0.0.zip",
          "archiveFileName": "Arduino_Apollo3-0.0.0.zip",
          "checksum": "SHA-256:4cece2fcfff35e7b9d8ef1c433cf7fde3b94ae8ad9b1f9eb0fb5ee8b8abd5231",
          "size": "45062118",
          "help": {
            "online": "https://learn.sparkfun.com/tutorials/installing-arduino-ide/board-add-ons-with-arduino-board-manager"
          },
          "boards": [
            { "name": "SparkFun Artemis Module" },
            { "name": "SparkFun BlackBoard Artemis" },
            { "name": "SparkFun BlackBoard Artemis Mega" },
            { "name": "SparkFun BlackBoard Artemis Nano" },
            { "name": "SparkFun Edge" }
          ],
          "toolsDependencies": [
            { "packager": "SparkFun", "name": "arm-none-eabi-gcc", "version": "8-2018-q4-major" } 
          ]
        },
        {
          "name": "SparkFun AVR Boards",
          "architecture": "avr",
          "version": "1.1.5",
          "category": "Contributed",
          "url": "https://github.com/sparkfun/Arduino_Boards/raw/master/IDE_Board_Manager/sparkfunboards.1.1.5.tar.bz2",
          "archiveFileName": "sparkfunboards.1.1.5.tar.bz2",
          "checksum": "SHA-256:41f9728983e0dbab597bb46ddf00b5bac6cfec7c8f3771ecd1612dae58bb0366",
          "size": "1162215",
          "help": {
            "online": "https://learn.sparkfun.com/tutorials/installing-arduino-ide/board-add-ons-with-arduino-board-manager"
          },
          "boards": [
            {
              "name": "RedBoard"
            },
            {
              "name": "MaKey MaKey"
            },
            {
              "name": "Pro Micro"
            },
            {
              "name": "Fio v3"
            },
            {
              "name": "Qduino Mini"
            },
            {
              "name": "Digital Sandbox"
            },
            {
              "name": "Mega Pro"
            },
            {
              "name": "RedBot"
            },
            {
              "name": "Serial 7-segment Display"
            },
            {
              "name": "ATmega128RFA1 Dev Board"
            }
          ],
          "toolsDependencies": []
        },
        {
          "name": "SparkFun AVR Boards",
          "architecture": "avr",
          "version": "1.1.6",
          "category": "Contributed",
          "url": "https://github.com/sparkfun/Arduino_Boards/raw/master/IDE_Board_Manager/sparkfunboards.1.1.6.tar.bz2",
          "archiveFileName": "sparkfunboards.1.1.6.tar.bz2",
          "checksum": "SHA-256:049FA0DF51602120EC1BDAC19F440FC0CC448C23BB277DD0D8DF855C52ACD483",
          "size": "1159276",
          "help": {
            "online": "https://learn.sparkfun.com/tutorials/installing-arduino-ide/board-add-ons-with-arduino-board-manager"
          },
          "boards": [
            {
              "name": "RedBoard"
            },
            {
              "name": "MaKey MaKey"
            },
            {
              "name": "Pro Micro"
            },
            {
              "name": "Fio v3"
            },
            {
              "name": "Qduino Mini"
            },
            {
              "name": "Digital Sandbox"
            },
            {
              "name": "Mega Pro"
            },
            {
              "name": "RedBot"
            },
            {
              "name": "Serial 7-segment Display"
            },
            {
              "name": "ATmega128RFA1 Dev Board"
            }
          ],
          "toolsDependencies": []
        },
        {
          "name": "SparkFun AVR Boards",
          "architecture": "avr",
          "version": "1.1.7",
          "category": "Contributed",
          "url": "https://github.com/sparkfun/Arduino_Boards/raw/master/IDE_Board_Manager/sparkfunboards.1.1.7.tar.bz2",
          "archiveFileName": "sparkfunboards.1.1.7.tar.bz2",
          "checksum": "SHA-256:16A9CA03A7869C424562795504B82FEED0FB6A7D4A63FC94280FBBA44132257C",
          "size": "1236343",
          "help": {
            "online": "https://learn.sparkfun.com/tutorials/installing-arduino-ide/board-add-ons-with-arduino-board-manager"
          },
          "boards": [
            {
              "name": "RedBoard"
            },
            {
              "name": "MaKey MaKey"
            },
            {
              "name": "Pro Micro"
            },
            {
              "name": "Fio v3"
            },
            {
              "name": "Qduino Mini"
            },
            {
              "name": "Digital Sandbox"
            },
            {
              "name": "Mega Pro"
            },
            {
              "name": "RedBot"
            },
            {
              "name": "Serial 7-segment Display"
            },
            {
              "name": "ATmega128RFA1 Dev Board"
            },
            {
              "name": "LilyPad USB Plus"
            }
          ],
          "toolsDependencies": []
        },
        {
          "name": "SparkFun AVR Boards",
          "architecture": "avr",
          "version": "1.1.8",
          "category": "Contributed",
          "url": "https://github.com/sparkfun/Arduino_Boards/raw/master/IDE_Board_Manager/sparkfunboards.1.1.8.tar.bz2",
          "archiveFileName": "sparkfunboards.1.1.8.tar.bz2",
          "checksum": "SHA-256:23D479AF10DC97F4DB8EA8AD514FE92C4391EADD8D9DD5EF1D49A70EA05255C3",
          "size": "1238017",
          "help": {
            "online": "https://learn.sparkfun.com/tutorials/installing-arduino-ide/board-add-ons-with-arduino-board-manager"
          },
          "boards": [
            {
              "name": "RedBoard"
            },
            {
              "name": "MaKey MaKey"
            },
            {
              "name": "Pro Micro"
            },
            {
              "name": "Fio v3"
            },
            {
              "name": "Qduino Mini"
            },
            {
              "name": "Digital Sandbox"
            },
            {
              "name": "Mega Pro"
            },
            {
              "name": "RedBot"
            },
            {
              "name": "Serial 7-segment Display"
            },
            {
              "name": "ATmega128RFA1 Dev Board"
            },
            {
              "name": "LilyPad USB Plus"
            }
          ],
          "toolsDependencies": []
        },
        {
          "name": "SparkFun AVR Boards",
          "architecture": "avr",
          "version": "1.1.9",
          "category": "Contributed",
          "url": "https://github.com/sparkfun/Arduino_Boards/raw/master/IDE_Board_Manager/sparkfunboards.1.1.9.tar.bz2",
          "archiveFileName": "sparkfunboards.1.1.9.tar.bz2",
          "checksum": "SHA-256:89480C355876966DB68504E4E4130719942320AECF0AD6AEF819299796B22202",
          "size": "1238253",
          "help": {
            "online": "https://learn.sparkfun.com/tutorials/installing-arduino-ide/board-add-ons-with-arduino-board-manager"
          },
          "boards": [
            {
              "name": "RedBoard"
            },
            {
              "name": "MaKey MaKey"
            },
            {
              "name": "Pro Micro"
            },
            {
              "name": "Fio v3"
            },
            {
              "name": "Qduino Mini"
            },
            {
              "name": "Digital Sandbox"
            },
            {
              "name": "Mega Pro"
            },
            {
              "name": "RedBot"
            },
            {
              "name": "Serial 7-segment Display"
            },
            {
              "name": "ATmega128RFA1 Dev Board"
            },
            {
              "name": "LilyPad USB Plus"
            }
          ],
          "toolsDependencies": []
        },
        {
          "name": "SparkFun AVR Boards",
          "architecture": "avr",
          "version": "1.1.10",
          "category": "Contributed",
          "url": "https://github.com/sparkfun/Arduino_Boards/raw/master/IDE_Board_Manager/sparkfunboards.1.1.10.tar.bz2",
          "archiveFileName": "sparkfunboards.1.1.10.tar.bz2",
          "checksum": "SHA-256:ABC30EF048B0BE63B6E3BB02A1FD52F35E2FC4A1CAFD60D4E7C3F9FD776129C0",
          "size": "1237620",
          "help": {
            "online": "https://learn.sparkfun.com/tutorials/installing-arduino-ide/board-add-ons-with-arduino-board-manager"
          },
          "boards": [
            {
              "name": "RedBoard"
            },
            {
              "name": "MaKey MaKey"
            },
            {
              "name": "Pro Micro"
            },
            {
              "name": "Fio v3"
            },
            {
              "name": "Qduino Mini"
            },
            {
              "name": "Digital Sandbox"
            },
            {
              "name": "Mega Pro"
            },
            {
              "name": "RedBot"
            },
            {
              "name": "Serial 7-segment Display"
            },
            {
              "name": "ATmega128RFA1 Dev Board"
            },
            {
              "name": "LilyPad USB Plus"
            }
          ],
          "toolsDependencies": []
        },
        {
          "name": "SparkFun AVR Boards",
          "architecture": "avr",
          "version": "1.1.11",
          "category": "Contributed",
          "url": "https://github.com/sparkfun/Arduino_Boards/raw/master/IDE_Board_Manager/sparkfunboards.1.1.11.tar.bz2",
          "archiveFileName": "sparkfunboards.1.1.11.tar.bz2",
          "checksum": "SHA-256:59CFDDF1C806B42DECFB52297F2BCF2CF0B31DFBF27ED413B7421B476369B1DD",
          "size": "1239209",
          "help": {
            "online": "https://forums.sparkfun.com"
          },
          "boards": [
            {
              "name": "RedBoard"
            },
            {
              "name": "MaKey MaKey"
            },
            {
              "name": "Pro Micro"
            },
            {
              "name": "Fio v3"
            },
            {
              "name": "Qduino Mini"
            },
            {
              "name": "Digital Sandbox"
            },
            {
              "name": "Mega Pro"
            },
            {
              "name": "RedBot"
            },
            {
              "name": "Serial 7-segment Display"
            },
            {
              "name": "ATmega128RFA1 Dev Board"
            },
            {
              "name": "LilyPad USB Plus"
            },
            {
              "name": "SerLCD"
            }
          ],
          "toolsDependencies": []
        },
        {
          "name": "SparkFun AVR Boards",
          "architecture": "avr",
          "version": "1.1.12",
          "category": "Contributed",
          "url": "https://github.com/sparkfun/Arduino_Boards/raw/master/IDE_Board_Manager/sparkfunboards.1.1.12.tar.bz2",
          "archiveFileName": "sparkfunboards.1.1.12.tar.bz2",
          "checksum": "SHA-256:034005EAC0255376E3108858238A17CF8654F31400DAC60BF0D756E332C3251D",
          "size": "1249477",
          "help": {
            "online": "https://forums.sparkfun.com"
          },
          "boards": [
            {
              "name": "RedBoard"
            },
            {
              "name": "MaKey MaKey"
            },
            {
              "name": "Pro Micro"
            },
            {
              "name": "Fio v3"
            },
            {
              "name": "Qduino Mini"
            },
            {
              "name": "Digital Sandbox"
            },
            {
              "name": "Mega Pro"
            },
            {
              "name": "RedBot"
            },
            {
              "name": "Serial 7-segment Display"
            },
            {
              "name": "ATmega128RFA1 Dev Board"
            },
            {
              "name": "LilyPad USB Plus"
            },
            {
              "name": "SerLCD"
            }
          ],
          "toolsDependencies": []
        },
        {
          "name": "SparkFun AVR Boards",
          "architecture": "avr",
          "version": "1.1.13",
          "category": "Contributed",
          "url": "https://github.com/sparkfun/Arduino_Boards/raw/master/IDE_Board_Manager/sparkfunboards.1.1.13.tar.bz2",
          "archiveFileName": "sparkfunboards.1.1.13.tar.bz2",
          "checksum": "SHA-256:D7AF391CAFC5E16830CAC7C13484EF62765DD7A36AABA5F25020CE3C39617115",
          "size": "1257480",
          "help": {
            "online": "https://forums.sparkfun.com"
          },
          "boards": [
            {
              "name": "RedBoard"
            },
            {
              "name": "MaKey MaKey"
            },
            {
              "name": "Pro Micro"
            },
            {
              "name": "Fio v3"
            },
            {
              "name": "Qduino Mini"
            },
            {
              "name": "Digital Sandbox"
            },
            {
              "name": "Mega Pro"
            },
            {
              "name": "RedBot"
            },
            {
              "name": "Serial 7-segment Display"
            },
            {
              "name": "ATmega128RFA1 Dev Board"
            },
            {
              "name": "LilyPad USB Plus"
            },
            {
              "name": "SerLCD"
            }
          ],
          "toolsDependencies": []
        },
        {
          "name": "SparkFun SAMD Boards (dependency: Arduino SAMD Boards 1.6.5)",
          "architecture": "samd",
          "version": "1.0.0",
          "category": "Contributed",
          "url": "https://github.com/sparkfun/Arduino_Boards/raw/master/IDE_Board_Manager/sparkfun-samd-1.0.0.tar.bz2",
          "archiveFileName": "sparkfun-samd-1.0.0.tar.bz2",
          "checksum": "SHA-256:12e0be6862a3a28b6515755dcad2842757caf4e5270326554f95059512ebaab5",
          "size": "268954",
          "help": {
            "online": "https://learn.sparkfun.com/tutorials/installing-arduino-ide/board-add-ons-with-arduino-board-manager"
          },
          "boards": [
            {
              "name": "SparkFun SAMD21 Mini Breakout"
            },
            {
              "name": "SparkFun SAMD21 Dev Breakout"
            }
          ],
          "toolsDependencies": []
        },
        {
          "name": "SparkFun SAMD Boards (dependency: Arduino SAMD Boards 1.6.5)",
          "architecture": "samd",
          "version": "1.1.0",
          "category": "Contributed",
          "url": "https://github.com/sparkfun/Arduino_Boards/raw/master/IDE_Board_Manager/sparkfun-samd-1.1.0.tar.bz2",
          "archiveFileName": "sparkfun-samd-1.1.0.tar.bz2",
          "checksum": "SHA-256:5d71cbf8ccf5781eef9809d7b3141041daf3ed1a1272f5278762ece5a0aecf44",
          "size": "279683",
          "help": {
            "online": "https://learn.sparkfun.com/tutorials/installing-arduino-ide/board-add-ons-with-arduino-board-manager"
          },
          "boards": [
            {
              "name": "SparkFun SAMD21 Mini Breakout"
            },
            {
              "name": "SparkFun SAMD21 Dev Breakout"
            }
          ],
          "toolsDependencies": []
        },
        {
          "name": "SparkFun SAMD Boards (dependency: Arduino SAMD Boards 1.6.5)",
          "architecture": "samd",
          "version": "1.2.0",
          "category": "Contributed",
          "url": "https://github.com/sparkfun/Arduino_Boards/raw/master/IDE_Board_Manager/sparkfun-samd-1.2.0.tar.bz2",
          "archiveFileName": "sparkfun-samd-1.2.0.tar.bz2",
          "checksum": "SHA-256:50e055f311e07ba4d154bf00aa10579648024bef680bb3eb267401c496f791e6",
          "size": "281932",
          "help": {
            "online": "https://learn.sparkfun.com/tutorials/installing-arduino-ide/board-add-ons-with-arduino-board-manager"
          },
          "boards": [
            {
              "name": "SparkFun SAMD21 Mini Breakout"
            },
            {
              "name": "SparkFun SAMD21 Dev Breakout"
            }
          ],
          "toolsDependencies": []
        },
        {
          "name": "SparkFun SAMD Boards (dependency: Arduino SAMD Boards 1.6.6)",
          "architecture": "samd",
          "version": "1.2.1",
          "category": "Contributed",
          "url": "https://github.com/sparkfun/Arduino_Boards/raw/master/IDE_Board_Manager/sparkfun-samd-1.2.1.tar.bz2",
          "archiveFileName": "sparkfun-samd-1.2.1.tar.bz2",
          "checksum": "SHA-256:63b90fb26a18a89b2f51556a08286117cdade38d6cb7a16eb1eccb7d1d92422a",
          "size": "280405",
          "help": {
            "online": "https://learn.sparkfun.com/tutorials/installing-arduino-ide/board-add-ons-with-arduino-board-manager"
          },
          "boards": [
            {
              "name": "SparkFun SAMD21 Mini Breakout"
            },
            {
              "name": "SparkFun SAMD21 Dev Breakout"
            }
          ],
          "toolsDependencies": []
        },
        {
          "name": "SparkFun SAMD Boards (dependency: Arduino SAMD Boards 1.6.8)",
          "architecture": "samd",
          "version": "1.2.2",
          "category": "Contributed",
          "url": "https://github.com/sparkfun/Arduino_Boards/raw/master/IDE_Board_Manager/sparkfun-samd-1.2.2.tar.bz2",
          "archiveFileName": "sparkfun-samd-1.2.2.tar.bz2",
          "checksum": "SHA-256:21bc1ab1a8fd6550dca3b4953deaa2066d49ffa2583cd8e8a1e36d0c0ab00d52",
          "size": "283240",
          "help": {
            "online": "https://learn.sparkfun.com/tutorials/installing-arduino-ide/board-add-ons-with-arduino-board-manager"
          },
          "boards": [
            {
              "name": "SparkFun SAMD21 Mini Breakout"
            },
            {
              "name": "SparkFun SAMD21 Dev Breakout"
            }
          ],
          "toolsDependencies": []
        },
        {
          "name": "SparkFun SAMD Boards (dependency: Arduino SAMD Boards 1.6.8)",
          "architecture": "samd",
          "version": "1.3.0",
          "category": "Contributed",
          "url": "https://github.com/sparkfun/Arduino_Boards/raw/master/IDE_Board_Manager/sparkfun-samd-1.3.0.tar.bz2",
          "archiveFileName": "sparkfun-samd-1.3.0.tar.bz2",
          "checksum": "SHA-256:87695137f303000099e7e6d3fae3e87d5882ed999e4c14403c65cf51a4d6a6be",
          "size": "195440",
          "help": {
            "online": "https://learn.sparkfun.com/tutorials/installing-arduino-ide/board-add-ons-with-arduino-board-manager"
          },
          "boards": [
            {
              "name": "SparkFun SAMD21 Mini Breakout"
            },
            {
              "name": "SparkFun SAMD21 Dev Breakout"
            },
            {
              "name": "SparkFun 9DoF Razor IMU M0"
            }
          ],
          "toolsDependencies": []
        },
        {
          "name": "SparkFun SAMD Boards (dependency: Arduino SAMD Boards 1.6.9)",
          "architecture": "samd",
          "version": "1.3.2",
          "category": "Contributed",
          "url": "https://github.com/sparkfun/Arduino_Boards/raw/master/IDE_Board_Manager/sparkfun-samd-1.3.2.tar.bz2",
          "archiveFileName": "sparkfun-samd-1.3.2.tar.bz2",
          "checksum": "SHA-256:eb4274a3df4c6c4dbc1396600b1efc9cd9454e5be4880530ff87ba4fb3e6216a",
          "size": "206253",
          "help": {
            "online": "https://learn.sparkfun.com/tutorials/installing-arduino-ide/board-add-ons-with-arduino-board-manager"
          },
          "boards": [
            {
              "name": "SparkFun SAMD21 Mini Breakout"
            },
            {
              "name": "SparkFun SAMD21 Dev Breakout"
            },
            {
              "name": "SparkFun 9DoF Razor IMU M0"
            }
          ],
          "toolsDependencies": []
        },
        {
          "name": "SparkFun SAMD Boards",
          "architecture": "samd",
          "version": "1.4.0",
          "category": "Contributed",
          "url": "https://github.com/sparkfun/Arduino_Boards/raw/master/IDE_Board_Manager/sparkfun-samd-1.4.0.tar.bz2",
          "archiveFileName": "sparkfun-samd-1.4.0.tar.bz2",
          "checksum": "SHA-256:968918117E6EA9C7F3982F83E07B6459663AB844779855B5E175E19461C16691",
          "size": "289555",
          "help": {
            "online": "https://learn.sparkfun.com/tutorials/installing-arduino-ide/board-add-ons-with-arduino-board-manager"
          },
          "boards": [
            {
              "name": "SparkFun SAMD21 Mini Breakout"
            },
            {
              "name": "SparkFun SAMD21 Dev Breakout"
            },
            {
              "name": "SparkFun 9DoF Razor IMU M0"
            },
            {
              "name": "LilyPad LilyMini"
            }
          ],
          "toolsDependencies": [
            {
              "packager": "SparkFun",
              "name": "bossac",
              "version": "1.4.0"
            }
          ]
        },
        {
          "name": "SparkFun SAMD Boards  (dependency: Arduino SAMD Boards 1.6.19)",
          "architecture": "samd",
          "version": "1.5.0",
          "category": "Contributed",
          "url": "https://github.com/sparkfun/Arduino_Boards/raw/master/IDE_Board_Manager/sparkfun-samd-1.5.0.tar.bz2",
          "archiveFileName": "sparkfun-samd-1.5.0.tar.bz2",
          "checksum": "SHA-256:05C4FBC7CC924BED99B9A2618F57FAA1DDEA210AFFB7AFEE57639E6B9FEB445C",
          "size": "322443",
          "help": {
            "online": "https://learn.sparkfun.com/tutorials/installing-arduino-ide/board-add-ons-with-arduino-board-manager"
          },
          "boards": [
            {
              "name": "SparkFun SAMD21 Mini Breakout"
            },
            {
              "name": "SparkFun SAMD21 Dev Breakout"
            },
            {
              "name": "SparkFun 9DoF Razor IMU M0"
            },
            {
              "name": "LilyPad LilyMini"
            }
          ],
          "toolsDependencies": [
          ]
        },
        {
          "name": "SparkFun SAMD Boards  (dependency: Arduino SAMD Boards 1.6.19)",
          "architecture": "samd",
          "version": "1.5.1",
          "category": "Contributed",
          "url": "https://github.com/sparkfun/Arduino_Boards/raw/master/IDE_Board_Manager/sparkfun-samd-1.5.1.tar.bz2",
          "archiveFileName": "sparkfun-samd-1.5.1.tar.bz2",
          "checksum": "SHA-256:774052679A88EA43F5CEA2BAD88398E7310D4B879B8745613648D9F09BCB26DA",
          "size": "323505",
          "help": {
            "online": "https://learn.sparkfun.com/tutorials/installing-arduino-ide/board-add-ons-with-arduino-board-manager"
          },
          "boards": [
            {
              "name": "SparkFun SAMD21 Mini Breakout"
            },
            {
              "name": "SparkFun SAMD21 Dev Breakout"
            },
            {
              "name": "SparkFun 9DoF Razor IMU M0"
            },
            {
              "name": "LilyPad LilyMini"
            },
            {
              "name": "Sparkfun SAMD21 Pro RF"
            }
          ],
          "toolsDependencies": [
          ]
        },
        {
          "name": "SparkFun SAMD Boards  (dependency: Arduino SAMD Boards 1.6.19)",
          "architecture": "samd",
          "version": "1.5.2",
          "category": "Contributed",
          "url": "https://github.com/sparkfun/Arduino_Boards/raw/master/IDE_Board_Manager/sparkfun-samd-1.5.2.tar.bz2",
          "archiveFileName": "sparkfun-samd-1.5.2.tar.bz2",
          "checksum": "SHA-256:AB0F5486D0EFAE48E47716C7B01340F3E503D55CFD6872FFD3DBEB28E4095F2B",
          "size": "328665",
          "help": {
            "online": "https://learn.sparkfun.com/tutorials/installing-arduino-ide/board-add-ons-with-arduino-board-manager"
          },
          "boards": [
            {
              "name": "SparkFun SAMD21 Mini Breakout"
            },
            {
              "name": "SparkFun SAMD21 Dev Breakout"
            },
            {
              "name": "SparkFun 9DoF Razor IMU M0"
            },
            {
              "name": "LilyPad LilyMini"
            },
            {
              "name": "Sparkfun SAMD21 Pro RF"
            }
          ],
          "toolsDependencies": [
          ]
		},
        {
          "name": "SparkFun SAMD Boards  (dependency: Arduino SAMD Boards 1.6.19)",
          "architecture": "samd",
          "version": "1.5.3",
          "category": "Contributed",
          "url": "https://github.com/sparkfun/Arduino_Boards/raw/master/IDE_Board_Manager/sparkfun-samd-1.5.3.tar.bz2",
          "archiveFileName": "sparkfun-samd-1.5.3.tar.bz2",
          "checksum": "SHA-256:EB3721D8C72D02F32DBC0D9F1F2730B4A5EA809D13F0C3D7606E789B9281B545",
          "size": "337917",
          "help": {
            "online": "https://learn.sparkfun.com/tutorials/installing-arduino-ide/board-add-ons-with-arduino-board-manager"
          },
          "boards": [
            {
              "name": "SparkFun SAMD21 Mini Breakout"
            },
            {
              "name": "SparkFun SAMD21 Dev Breakout"
            },
            {
              "name": "SparkFun 9DoF Razor IMU M0"
            },
            {
              "name": "LilyPad LilyMini"
            },
            {
              "name": "Sparkfun SAMD21 Pro RF"
            }
          ],
          "toolsDependencies": [
          ]
		},
        {
          "name": "SparkFun SAMD Boards  (dependency: Arduino SAMD Boards 1.6.19)",
          "architecture": "samd",
          "version": "1.5.4",
          "category": "Contributed",
          "url": "https://github.com/sparkfun/Arduino_Boards/raw/master/IDE_Board_Manager/sparkfun-samd-1.5.4.tar.bz2",
          "archiveFileName": "sparkfun-samd-1.5.4.tar.bz2",
          "checksum": "SHA-256:3C92A1EEAF05F7166C21D7AB507FA7ADBFF23F5802A084A34133CB074BB812E0",
          "size": "453746",
          "help": {
            "online": "https://learn.sparkfun.com/tutorials/installing-arduino-ide/board-add-ons-with-arduino-board-manager"
          },
          "boards": [
            {
              "name": "SparkFun SAMD21 Mini Breakout"
            },
            {
              "name": "SparkFun SAMD21 Dev Breakout"
            },
            {
              "name": "SparkFun 9DoF Razor IMU M0"
            },
            {
              "name": "LilyPad LilyMini"
            },
            {
              "name": "Sparkfun SAMD21 Pro RF"
            },
            {
              "name": "Sparkfun RedBoard Turbo"
            }
          ],
          "toolsDependencies": [
          ]
		},
        {
          "name": "SparkFun SAMD Boards",
          "architecture": "samd",
          "version": "1.6.1",
          "category": "Contributed",
          "url": "https://github.com/sparkfun/Arduino_Boards/raw/master/IDE_Board_Manager/sparkfun-samd-1.6.1.tar.bz2",
          "archiveFileName": "sparkfun-samd-1.6.1.tar.bz2",
          "checksum": "SHA-256:AF18934847988926A71BB1C998D4FB2C1A5B5336442FAE8576EE80944EB49456",
          "size": "1619817",
          "help": {
            "online": "https://learn.sparkfun.com/tutorials/installing-arduino-ide/board-add-ons-with-arduino-board-manager"
          },
          "boards": [
            {
              "name": "SparkFun SAMD21 Mini Breakout"
            },
            {
              "name": "SparkFun SAMD21 Dev Breakout"
            },
            {
              "name": "SparkFun 9DoF Razor IMU M0"
            },
            {
              "name": "LilyPad LilyMini"
            },
            {
              "name": "Sparkfun SAMD21 Pro RF"
            },
            {
              "name": "Sparkfun RedBoard Turbo"
            },
            {
              "name": "Sparkfun SAMD51 Thing Plus"
            }
          ],
          "toolsDependencies": [
                   {
              "packager": "arduino",
              "name": "arm-none-eabi-gcc",
              "version": "4.8.3-2014q1"
            },
            {
              "packager": "arduino",
              "name": "bossac",
              "version": "1.8.0-48-gb176eee"
            },
            {
              "packager": "arduino",
              "name": "openocd",
              "version": "0.9.0-arduino"
            },
            {
              "packager": "arduino",
              "name": "CMSIS",
              "version": "4.5.0"
            },
            {
              "packager": "arduino",
              "name": "CMSIS-Atmel",
              "version": "1.2.0"
            }
			]
		},
        {
          "name": "SparkFun SAMD Boards  (dependency: Arduino SAMD Boards 1.8.1)",
          "architecture": "samd",
          "version": "1.6.2",
          "category": "Contributed",
          "url": "https://github.com/sparkfun/Arduino_Boards/raw/master/IDE_Board_Manager/sparkfun-samd-1.6.2.tar.bz2",
          "archiveFileName": "sparkfun-samd-1.6.2.tar.bz2",
          "checksum": "SHA-256:C06952DC372B9C42B4B308C44449979AC6B4F8B87356C45061E3B1CBCC699B2D",
          "size": "1619901",
          "help": {
            "online": "https://learn.sparkfun.com/tutorials/installing-arduino-ide/board-add-ons-with-arduino-board-manager"
          },
          "boards": [
            {
              "name": "SparkFun SAMD21 Mini Breakout"
            },
            {
              "name": "SparkFun SAMD21 Dev Breakout"
            },
            {
              "name": "SparkFun 9DoF Razor IMU M0"
            },
            {
              "name": "LilyPad LilyMini"
            },
            {
              "name": "Sparkfun SAMD21 Pro RF"
            },
            {
              "name": "Sparkfun RedBoard Turbo"
            },
            {
              "name": "Sparkfun SAMD51 Thing Plus"
            }
          ],
          "toolsDependencies": [
                   {
              "packager": "arduino",
              "name": "arm-none-eabi-gcc",
              "version": "4.8.3-2014q1"
            },
            {
              "packager": "arduino",
              "name": "bossac",
              "version": "1.8.0-48-gb176eee"
            },
            {
              "packager": "arduino",
              "name": "openocd",
              "version": "0.9.0-arduino"
            },
            {
              "packager": "arduino",
              "name": "CMSIS",
              "version": "4.5.0"
            },
            {
              "packager": "arduino",
              "name": "CMSIS-Atmel",
              "version": "1.2.0"
            }
			]
		},
        {
          "name": "SparkFun SAMD Boards  (dependency: Arduino SAMD Boards 1.8.1)",
          "architecture": "samd",
          "version": "1.7.0",
          "category": "Contributed",
          "url": "https://github.com/sparkfun/Arduino_Boards/raw/master/IDE_Board_Manager/sparkfun-samd-1.7.0.tar.bz2",
          "archiveFileName": "sparkfun-samd-1.7.0.tar.bz2",
          "checksum": "SHA-256:543F0B2F4E10AA81E3961791E30986763C0E8C9841FF2725C3DDD4747E5D83AF",
          "size": "1696059",
          "help": {
            "online": "https://learn.sparkfun.com/tutorials/installing-arduino-ide/board-add-ons-with-arduino-board-manager"
          },
          "boards": [
            { "name": "SparkFun SAMD21 Mini Breakout" },
            { "name": "SparkFun SAMD21 Dev Breakout" },
            { "name": "SparkFun 9DoF Razor IMU M0" },
            { "name": "LilyPad LilyMini" },
            { "name": "Sparkfun SAMD21 Pro RF" },
            { "name": "Sparkfun RedBoard Turbo" },
            { "name": "Sparkfun SAMD51 Thing Plus" },
            { "name": "Sparkfun Qwiic Micro" }
          ],
          "toolsDependencies": [
            {
              "packager": "arduino",
              "name": "arm-none-eabi-gcc",
              "version": "4.8.3-2014q1"
            },
            {
              "packager": "arduino",
              "name": "bossac",
              "version": "1.8.0-48-gb176eee"
            },
            {
              "packager": "arduino",
              "name": "openocd",
              "version": "0.9.0-arduino"
            },
            {
              "packager": "arduino",
              "name": "CMSIS",
              "version": "4.5.0"
            },
            {
              "packager": "arduino",
              "name": "CMSIS-Atmel",
              "version": "1.2.0"
            }
			]
		},
        {
          "name": "SparkFun SAMD Boards  (dependency: Arduino SAMD Boards 1.8.1)",
          "architecture": "samd",
          "version": "1.7.1",
          "category": "Contributed",
          "url": "https://github.com/sparkfun/Arduino_Boards/raw/master/IDE_Board_Manager/sparkfun-samd-1.7.1.tar.bz2",
          "archiveFileName": "sparkfun-samd-1.7.1.tar.bz2",
          "checksum": "SHA-256:86E5F0C0D089E7384557E54191B4BE17A473FE0ACA31181606425BA3199402AC",
          "size": "1713629",
          "help": {
            "online": "https://learn.sparkfun.com/tutorials/installing-arduino-ide/board-add-ons-with-arduino-board-manager"
          },
          "boards": [
            { "name": "SparkFun SAMD21 Mini Breakout" },
            { "name": "SparkFun SAMD21 Dev Breakout" },
            { "name": "SparkFun 9DoF Razor IMU M0" },
            { "name": "LilyPad LilyMini" },
            { "name": "Sparkfun SAMD21 Pro RF" },
            { "name": "Sparkfun RedBoard Turbo" },
            { "name": "Sparkfun SAMD51 Thing Plus" },
            { "name": "Sparkfun Qwiic Micro" }
          ],
          "toolsDependencies": [
            {
              "packager": "arduino",
              "name": "arm-none-eabi-gcc",
              "version": "4.8.3-2014q1"
            },
            {
              "packager": "arduino",
              "name": "bossac",
              "version": "1.8.0-48-gb176eee"
            },
            {
              "packager": "arduino",
              "name": "openocd",
              "version": "0.9.0-arduino"
            },
            {
              "packager": "arduino",
              "name": "CMSIS",
              "version": "4.5.0"
            },
            {
              "packager": "arduino",
              "name": "CMSIS-Atmel",
              "version": "1.2.0"
            }
          ]
        },
        {
          "name": "SparkFun SAMD Boards  (dependency: Arduino SAMD Boards 1.8.1)",
          "architecture": "samd",
          "version": "1.7.2",
          "category": "Contributed",
          "url": "https://github.com/sparkfun/Arduino_Boards/raw/master/IDE_Board_Manager/sparkfun-samd-1.7.2.tar.bz2",
          "archiveFileName": "sparkfun-samd-1.7.2.tar.bz2",
          "checksum": "SHA-256:8356F897430129912057E7D7AB8611D2739B8B79E7E0E47CD0A798255D19E960",
          "size": "1713505",
          "help": {
            "online": "https://learn.sparkfun.com/tutorials/installing-arduino-ide/board-add-ons-with-arduino-board-manager"
          },
          "boards": [
            { "name": "SparkFun SAMD21 Mini Breakout" },
            { "name": "SparkFun SAMD21 Dev Breakout" },
            { "name": "SparkFun 9DoF Razor IMU M0" },
            { "name": "LilyPad LilyMini" },
            { "name": "Sparkfun SAMD21 Pro RF" },
            { "name": "Sparkfun RedBoard Turbo" },
            { "name": "Sparkfun SAMD51 Thing Plus" },
            { "name": "Sparkfun Qwiic Micro" }
          ],
          "toolsDependencies": [
            {
              "packager": "arduino",
              "name": "arm-none-eabi-gcc",
              "version": "4.8.3-2014q1"
            },
            {
              "packager": "arduino",
              "name": "bossac",
              "version": "1.8.0-48-gb176eee"
            },
            {
              "packager": "arduino",
              "name": "openocd",
              "version": "0.9.0-arduino"
            },
            {
              "packager": "arduino",
              "name": "CMSIS",
              "version": "4.5.0"
            },
            {
              "packager": "arduino",
              "name": "CMSIS-Atmel",
              "version": "1.2.0"
            }
			    ]
		    },
        {
          "name": "SparkFun SAMD Boards  (dependency: Arduino SAMD Boards 1.8.1)",
          "architecture": "samd",
          "version": "1.7.3",
          "category": "Contributed",
          "url": "https://github.com/sparkfun/Arduino_Boards/raw/master/IDE_Board_Manager/sparkfun-samd-1.7.3.tar.bz2",
          "archiveFileName": "sparkfun-samd-1.7.3.tar.bz2",
          "checksum": "SHA-256:2AD34AB24D42E2BE0AE2C6D09BF550E26A6BB2182C2CAFBD76CFE69E2FFE8325",
          "size": "1702560",
          "help": {
            "online": "https://learn.sparkfun.com/tutorials/installing-arduino-ide/board-add-ons-with-arduino-board-manager"
          },
          "boards": [
            { "name": "SparkFun SAMD21 Mini Breakout" },
            { "name": "SparkFun SAMD21 Dev Breakout" },
            { "name": "SparkFun 9DoF Razor IMU M0" },
            { "name": "LilyPad LilyMini" },
            { "name": "Sparkfun SAMD21 Pro RF" },
            { "name": "Sparkfun RedBoard Turbo" },
            { "name": "Sparkfun SAMD51 Thing Plus" },
            { "name": "Sparkfun Qwiic Micro" }
          ],
          "toolsDependencies": [
            {
              "packager": "arduino",
              "name": "arm-none-eabi-gcc",
              "version": "4.8.3-2014q1"
            },
            {
              "packager": "arduino",
              "name": "bossac",
              "version": "1.8.0-48-gb176eee"
            },
            {
              "packager": "arduino",
              "name": "openocd",
              "version": "0.9.0-arduino"
            },
            {
              "packager": "arduino",
              "name": "CMSIS",
              "version": "4.5.0"
            },
            {
              "packager": "arduino",
              "name": "CMSIS-Atmel",
              "version": "1.2.0"
            }
			    ]
		    },
        {
          "name": "SparkFun SAMD Boards  (dependency: Arduino SAMD Boards 1.8.1)",
          "architecture": "samd",
          "version": "1.7.4",
          "category": "Contributed",
          "url": "https://github.com/sparkfun/Arduino_Boards/raw/master/IDE_Board_Manager/sparkfun-samd-1.7.4.tar.bz2",
          "archiveFileName": "sparkfun-samd-1.7.4.tar.bz2",
          "checksum": "SHA-256:3EA7A59316A8E59D7F552E9714C74DA9D16F9CFE420294BC5F0007B6512D8FD0",
          "size": "1695731",
          "help": {
            "online": "https://learn.sparkfun.com/tutorials/installing-arduino-ide/board-add-ons-with-arduino-board-manager"
          },
          "boards": [
            { "name": "SparkFun SAMD21 Mini Breakout" },
            { "name": "SparkFun SAMD21 Dev Breakout" },
            { "name": "SparkFun 9DoF Razor IMU M0" },
            { "name": "LilyPad LilyMini" },
            { "name": "Sparkfun SAMD21 Pro RF" },
            { "name": "Sparkfun RedBoard Turbo" },
            { "name": "Sparkfun SAMD51 Thing Plus" },
            { "name": "Sparkfun Qwiic Micro" }
          ],
          "toolsDependencies": [
            {
              "packager": "arduino",
              "name": "arm-none-eabi-gcc",
              "version": "4.8.3-2014q1"
            },
            {
              "packager": "arduino",
              "name": "bossac",
              "version": "1.8.0-48-gb176eee"
            },
            {
              "packager": "arduino",
              "name": "openocd",
              "version": "0.9.0-arduino"
            },
            {
              "packager": "arduino",
              "name": "CMSIS",
              "version": "4.5.0"
            },
            {
              "packager": "arduino",
              "name": "CMSIS-Atmel",
              "version": "1.2.0"
            }
			    ]
		    }
      ],
      "tools": [
        {
          "version": "8-2018-q4-major", 
          "name": "arm-none-eabi-gcc", 
          "systems": [
            {
              "host": "x86_64-apple-darwin", 
              "url": "https://static.sparkfun.com/large/gcc-arm-none-eabi-8-2018-q4-major-mac.tar.bz2", 
              "checksum": "SHA-256:0b528ed24db9f0fa39e5efdae9bcfc56bf9e07555cb267c70ff3fee84ec98460", 
              "archiveFileName": "gcc-arm-none-eabi-8-2018-q4-major-mac.tar.bz2", 
              "size": "111430151"
            }, 
            {
              "host": "i386-apple-darwin11", 
              "url": "https://static.sparkfun.com/large/gcc-arm-none-eabi-8-2018-q4-major-mac.tar.bz2", 
              "checksum": "SHA-256:0b528ed24db9f0fa39e5efdae9bcfc56bf9e07555cb267c70ff3fee84ec98460", 
              "archiveFileName": "gcc-arm-none-eabi-8-2018-q4-major-mac.tar.bz2", 
              "size": "111430151"
            }, 
            {
              "host": "i686-linux-gnu",
              "url": "https://static.sparkfun.com/large/gcc-arm-none-eabi-8-2018-q4-major-linux.tar.bz2", 
              "checksum": "SHA-256:fb31fbdfe08406ece43eef5df623c0b2deb8b53e405e2c878300f7a1f303ee52", 
              "archiveFileName": "gcc-arm-none-eabi-8-2018-q4-major-linux.tar.bz2", 
              "size": "107253352"
            }, 
            {
              "host": "x86_64-pc-linux-gnu",
              "url": "https://static.sparkfun.com/large/gcc-arm-none-eabi-8-2018-q4-major-linux.tar.bz2", 
              "checksum": "SHA-256:fb31fbdfe08406ece43eef5df623c0b2deb8b53e405e2c878300f7a1f303ee52", 
              "archiveFileName": "gcc-arm-none-eabi-8-2018-q4-major-linux.tar.bz2", 
              "size": "107253352"
            }, 
            {
              "host": "i686-mingw32",
              "url": "https://static.sparkfun.com/large/gcc-arm-none-eabi-8-2018-q4-major-win32-modified.zip", 
              "checksum": "SHA-256:98f47ed254ce31942408028c3a4a75ad4ee9fe7f318daecafb8c101bc19a6e23", 
              "archiveFileName": "gcc-arm-none-eabi-8-2018-q4-major-win32-modified.zip", 
              "size": "135448870"
            }
          ]
        },
        {
          "name": "bossac",
          "version": "1.4.0",
          "systems": [
            {
              "host": "i686-mingw32",
              "url": "https://github.com/sparkfun/Arduino_Boards/raw/master/sparkfun/samd-tools/bossac/bossac-1.4.0-win.zip",
              "archiveFileName": "bossac-1.4.0-win.zip",
              "checksum": "SHA-256:BCA6503F5DBB1F96693AFD0701A759ECFB3BE5B9FB3F9D901CA17853B224F4EB",
              "size": "314705"
            },
            {
              "host": "x86_64-pc-linux-gnu",
              "url": "https://github.com/sparkfun/Arduino_Boards/raw/master/sparkfun/samd-tools/bossac/bossac-1.4.0-linux64.tar.bz2",
              "archiveFileName": "bossac-1.4.0-linux64.tar.bz2",
              "checksum": "SHA-256:BB8F398BF84C5F31880FE9A2C7AE0174592516CE4821B49744B426AA968ADA10",
              "size": "225696"
            },
            {
              "host": "x86_64-apple-darwin",
              "url": "https://github.com/sparkfun/Arduino_Boards/raw/master/sparkfun/samd-tools/bossac/bossac-1.4.0-osx.tar.bz2",
              "archiveFileName": "bossac-1.4.0-osx.tar.bz2",
              "checksum": "SHA-256:D0F225846D7BC80A74324D783CDB35C42A7F85EAD73CC016C0CC767B0AA5E81C",
              "size": "74461"
            }
          ]
        }
      ]
    },
    {
      "maintainer": "SparkFun Electronics",
      "help": {
        "online": "http://SparkFun.com"
      },
      "websiteURL": "https://github.com/sparkfun/Arduino_Boards",
      "platforms": [
        {
          "category": "Contributed",
          "name": "SparkFun ESP8266 Boards",
          "url": "https://github.com/sparkfun/Arduino_Boards/raw/master/IDE_Board_Manager/sparkfun-esp8266-2.1.2.tar.bz2",
          "checksum": "SHA-256:6A3722A50B09DCEF92818B5C0E5A6C752E84181F1ABFD0959DACC39D8E2F1C94",
          "help": {
            "online": "https://learn.sparkfun.com"
          },
          "version": "2.1.2",
          "architecture": "esp8266",
          "archiveFileName": "sparkfun-esp8266-2.1.2.tar.bz2",
          "boards": [
            {
              "name": "SparkFun Blynk Board - ESP8266"
            },
            {
              "name": "SparkFun ESP8266 Thing"
            },
            {
              "name": "SparkFun ESP8266 Thing - Development Board"
            },
            {
              "name": "Generic ESP8266 Module"
            }
          ],
          "toolsDependencies": [
            {
              "packager": "esp8266",
              "version": "0.4.8",
              "name": "esptool"
            },
            {
              "packager": "esp8266",
              "version": "1.20.0-26-gb404fb9-2",
              "name": "xtensa-lx106-elf-gcc"
            },
            {
              "packager": "esp8266",
              "version": "0.1.2",
              "name": "mkspiffs"
            }
          ],
          "size": "1905291"
        }
      ],
      "tools": [
        {
          "version": "1.20.0-26-gb404fb9-2", 
          "name": "xtensa-lx106-elf-gcc", 
          "systems": [
            {
              "url": "https://github.com/esp8266/Arduino/releases/download/2.3.0/win32-xtensa-lx106-elf-gb404fb9-2.tar.gz", 
              "checksum": "SHA-256:10476b9c11a7a90f40883413ddfb409f505b20692e316c4e597c4c175b4be09c", 
              "host": "i686-mingw32", 
              "archiveFileName": "win32-xtensa-lx106-elf-gb404fb9-2.tar.gz", 
              "size": "153527527"
            }, 
            {
              "url": "https://github.com/esp8266/Arduino/releases/download/2.3.0/osx-xtensa-lx106-elf-gb404fb9-2.tar.gz", 
              "checksum": "SHA-256:0cf150193997bd1355e0f49d3d49711730035257bc1aee1eaaad619e56b9e4e6", 
              "host": "x86_64-apple-darwin", 
              "archiveFileName": "osx-xtensa-lx106-elf-gb404fb9-2.tar.gz", 
              "size": "35385382"
            }, 
            {
              "url": "https://github.com/esp8266/Arduino/releases/download/2.3.0/osx-xtensa-lx106-elf-gb404fb9-2.tar.gz", 
              "checksum": "SHA-256:0cf150193997bd1355e0f49d3d49711730035257bc1aee1eaaad619e56b9e4e6", 
              "host": "i386-apple-darwin", 
              "archiveFileName": "osx-xtensa-lx106-elf-gb404fb9-2.tar.gz", 
              "size": "35385382"
            }, 
            {
              "url": "https://github.com/esp8266/Arduino/releases/download/2.3.0/linux64-xtensa-lx106-elf-gb404fb9.tgz", 
              "checksum": "SHA-256:46f057fbd8b320889a26167daf325038912096d09940b2a95489db92431473b7", 
              "host": "x86_64-pc-linux-gnu", 
              "archiveFileName": "linux64-xtensa-lx106-elf-gb404fb9.tar.gz", 
              "size": "30262903"
            }, 
            {
              "url": "https://github.com/esp8266/Arduino/releases/download/2.3.0/linux32-xtensa-lx106-elf.tar.gz", 
              "checksum": "SHA-256:b24817819f0078fb05895a640e806e0aca9aa96b47b80d2390ac8e2d9ddc955a", 
              "host": "i686-pc-linux-gnu", 
              "archiveFileName": "linux32-xtensa-lx106-elf.tar.gz", 
              "size": "32734156"
            }, 
            {
              "url": "https://github.com/esp8266/Arduino/releases/download/2.3.0/linuxarm-xtensa-lx106-elf-g46f160f-2.tar.gz", 
              "checksum": "SHA-256:f693946288f2ffa17288ef75ae16fa08573993f2b0a2a5e6bc35a68dc6087443", 
              "host": "arm-linux-gnueabihf", 
              "archiveFileName": "linuxarm-xtensa-lx106-elf-g46f160f-2.tar.gz", 
              "size": "34938475"
            }
          ]
        },
        {
          "version": "1.20.0-26-gb404fb9",
          "name": "xtensa-lx106-elf-gcc",
          "systems": [
            {
              "url": "http://arduino.esp8266.com/win32-xtensa-lx106-elf-gb404fb9.tar.gz",
              "checksum": "SHA-256:1561ec85cc58cab35cc48bfdb0d0087809f89c043112a2c36b54251a13bf781f",
              "host": "i686-mingw32",
              "archiveFileName": "win32-xtensa-lx106-elf-gb404fb9.tar.gz",
              "size": "153807368"
            },
            {
              "url": "http://arduino.esp8266.com/osx-xtensa-lx106-elf-gb404fb9-2.tar.gz",
              "checksum": "SHA-256:0cf150193997bd1355e0f49d3d49711730035257bc1aee1eaaad619e56b9e4e6",
              "host": "x86_64-apple-darwin",
              "archiveFileName": "osx-xtensa-lx106-elf-gb404fb9-2.tar.gz",
              "size": "35385382"
            },
            {
              "url": "http://arduino.esp8266.com/osx-xtensa-lx106-elf-gb404fb9-2.tar.gz",
              "checksum": "SHA-256:0cf150193997bd1355e0f49d3d49711730035257bc1aee1eaaad619e56b9e4e6",
              "host": "i386-apple-darwin",
              "archiveFileName": "osx-xtensa-lx106-elf-gb404fb9-2.tar.gz",
              "size": "35385382"
            },
            {
              "url": "http://arduino.esp8266.com/linux64-xtensa-lx106-elf-gb404fb9.tar.gz",
              "checksum": "SHA-256:46f057fbd8b320889a26167daf325038912096d09940b2a95489db92431473b7",
              "host": "x86_64-pc-linux-gnu",
              "archiveFileName": "linux64-xtensa-lx106-elf-gb404fb9.tar.gz",
              "size": "30262903"
            },
            {
              "url": "http://arduino.esp8266.com/linux32-xtensa-lx106-elf.tar.gz",
              "checksum": "SHA-256:b24817819f0078fb05895a640e806e0aca9aa96b47b80d2390ac8e2d9ddc955a",
              "host": "i686-pc-linux-gnu",
              "archiveFileName": "linux32-xtensa-lx106-elf.tar.gz",
              "size": "32734156"
            }
          ]
        },
        {
          "version": "0.4.8",
          "name": "esptool",
          "systems": [
            {
              "url": "https://github.com/igrr/esptool-ck/releases/download/0.4.8/esptool-0.4.8-win32.zip",
              "checksum": "SHA-256:8d09cb0df6234c2a0562389ceedd11482b44a3f538695f9a4df80f9f10411ece",
              "host": "i686-mingw32",
              "archiveFileName": "esptool-0.4.8-win32.zip",
              "size": "32192"
            },
            {
              "url": "https://github.com/igrr/esptool-ck/releases/download/0.4.8/esptool-0.4.8-osx.tar.gz",
              "checksum": "SHA-256:2bcbf19934543fb06c505b2a595b68a76e4cab8e3d8968a4d1802195c87126cf",
              "host": "x86_64-apple-darwin",
              "archiveFileName": "esptool-0.4.8-osx.tar.gz",
              "size": "28798"
            },
            {
              "url": "https://github.com/igrr/esptool-ck/releases/download/0.4.8/esptool-0.4.8-osx.tar.gz",
              "checksum": "SHA-256:2bcbf19934543fb06c505b2a595b68a76e4cab8e3d8968a4d1802195c87126cf",
              "host": "i386-apple-darwin",
              "archiveFileName": "esptool-0.4.8-osx.tar.gz",
              "size": "28798"
            },
            {
              "url": "https://github.com/igrr/esptool-ck/releases/download/0.4.8/esptool-0.4.8-linux64.tar.gz",
              "checksum": "SHA-256:1cd9a6014bbbc37ba6dc249f4fc027f0ca9bbc6dd0e203ebc7d146dfd78a6e78",
              "host": "x86_64-pc-linux-gnu",
              "archiveFileName": "esptool-0.4.8-linux64.tar.gz",
              "size": "15479"
            },
            {
              "url": "https://github.com/igrr/esptool-ck/releases/download/0.4.8/esptool-0.4.8-linux32.tar.gz",
              "checksum": "SHA-256:b0d6e71e6f41d4ed7e167bb4b3f4f0b1b3e49d69af50ab7fbe952cbfed83f164",
              "host": "i686-pc-linux-gnu",
              "archiveFileName": "esptool-0.4.8-linux32.tar.gz",
              "size": "15444"
            }
          ]
        },
        {
          "version": "0.4.5",
          "name": "esptool",
          "systems": [
            {
              "url": "https://github.com/igrr/esptool-ck/releases/download/0.4.5/esptool-0.4.5-win32.zip",
              "checksum": "SHA-256:1b0a7d254e74942d820a09281aa5dc2af1c8314ae5ee1a5abb0653d0580e531b",
              "host": "i686-mingw32",
              "archiveFileName": "esptool-0.4.5-win32.zip",
              "size": "17408"
            },
            {
              "url": "https://github.com/igrr/esptool-ck/releases/download/0.4.5/esptool-0.4.5-osx.tar.gz",
              "checksum": "SHA-256:924d31c64f4bb9f748e70806dafbabb15e5eb80afcdde33715f3ec884be1652d",
              "host": "x86_64-apple-darwin",
              "archiveFileName": "esptool-0.4.5-osx.tar.gz",
              "size": "11359"
            },
            {
              "url": "http://arduino.esp8266.com/esptool-0.4.5-1-gfaa5794-osx.tar.gz",
              "checksum": "SHA-256:722142071f6cf4d8c02dea42497a747e06abf583d86137a6a256b7db71dc61f6",
              "host": "i386-apple-darwin",
              "archiveFileName": "esptool-0.4.5-1-gfaa5794-osx.tar.gz",
              "size": "20751"
            },
            {
              "url": "https://github.com/igrr/esptool-ck/releases/download/0.4.5/esptool-0.4.5-linux64.tar.gz",
              "checksum": "SHA-256:4ce799e13fbd89f8a8f08a08db77dc3b1362c4486306fe1b3801dee80cfa3203",
              "host": "x86_64-pc-linux-gnu",
              "archiveFileName": "esptool-0.4.5-linux64.tar.gz",
              "size": "12789"
            },
            {
              "url": "https://github.com/igrr/esptool-ck/releases/download/0.4.5/esptool-0.4.5-linux32.tar.gz",
              "checksum": "SHA-256:a7a2c3200786d7396e8cafca1b9aefe56db8ec1dab5e9163d4a19358232a7d87",
              "host": "i686-pc-linux-gnu",
              "archiveFileName": "esptool-0.4.5-linux32.tar.gz",
              "size": "12055"
            }
          ]
        },
        {
          "version": "0.4.6",
          "name": "esptool",
          "systems": [
            {
              "url": "https://github.com/igrr/esptool-ck/releases/download/0.4.6/esptool-0.4.6-win32.zip",
              "checksum": "SHA-256:0248bf78514a3195f583e29218ca7828a66e13c6e5545a078f1c1257033e4927",
              "host": "i686-mingw32",
              "archiveFileName": "esptool-0.4.6-win32.zip",
              "size": "17481"
            },
            {
              "url": "https://github.com/igrr/esptool-ck/releases/download/0.4.6/esptool-0.4.6-osx.tar.gz",
              "checksum": "SHA-256:0fe87ba7e29ee90a9fc72492aada8c0796f9e8f8a1c594b6b26cee2610d09bb3",
              "host": "x86_64-apple-darwin",
              "archiveFileName": "esptool-0.4.6-osx.tar.gz",
              "size": "20926"
            },
            {
              "url": "https://github.com/igrr/esptool-ck/releases/download/0.4.6/esptool-0.4.6-osx.tar.gz",
              "checksum": "SHA-256:0fe87ba7e29ee90a9fc72492aada8c0796f9e8f8a1c594b6b26cee2610d09bb3",
              "host": "i386-apple-darwin",
              "archiveFileName": "esptool-0.4.6-osx.tar.gz",
              "size": "20926"
            },
            {
              "url": "https://github.com/igrr/esptool-ck/releases/download/0.4.6/esptool-0.4.6-linux64.tar.gz",
              "checksum": "SHA-256:f9f456e9a42bb2597126c513cb8865f923fb978865d4838b9623d322216b74d0",
              "host": "x86_64-pc-linux-gnu",
              "archiveFileName": "esptool-0.4.6-linux64.tar.gz",
              "size": "12885"
            },
            {
              "url": "https://github.com/igrr/esptool-ck/releases/download/0.4.6/esptool-0.4.6-linux32.tar.gz",
              "checksum": "SHA-256:85275ca03a82bfc456f5a84e86962ca1e470ea2e168829c38ca29ee668831d93",
              "host": "i686-pc-linux-gnu",
              "archiveFileName": "esptool-0.4.6-linux32.tar.gz",
              "size": "13417"
            }
          ]
        },
        {
          "version": "0.1.2",
          "name": "mkspiffs",
          "systems": [
            {
              "url": "https://github.com/igrr/mkspiffs/releases/download/0.1.2/mkspiffs-0.1.2-windows.zip",
              "checksum": "SHA-256:0a29119b8458b61a877408f7995e4944623a712e0d313a2c2f76af9ab55cc9f2",
              "host": "i686-mingw32",
              "archiveFileName": "mkspiffs-0.1.2-windows.zip",
              "size": "230802"
            },
            {
              "url": "https://github.com/igrr/mkspiffs/releases/download/0.1.2/mkspiffs-0.1.2-osx.tar.gz",
              "checksum": "SHA-256:df656fae21a41c1269ea50cb53752dcaf6a4e1437255f3a9fb50b4025549b58e",
              "host": "x86_64-apple-darwin",
              "archiveFileName": "mkspiffs-0.1.2-osx.tar.gz",
              "size": "115091"
            },
            {
              "url": "https://github.com/igrr/mkspiffs/releases/download/0.1.2/mkspiffs-0.1.2-osx.tar.gz",
              "checksum": "SHA-256:df656fae21a41c1269ea50cb53752dcaf6a4e1437255f3a9fb50b4025549b58e",
              "host": "i386-apple-darwin",
              "archiveFileName": "mkspiffs-0.1.2-osx.tar.gz",
              "size": "115091"
            },
            {
              "url": "https://github.com/igrr/mkspiffs/releases/download/0.1.2/mkspiffs-0.1.2-linux64.tar.gz",
              "checksum": "SHA-256:1a1dd81b51daf74c382db71b42251757ca4136e8762107e69feaa8617bac315f",
              "host": "x86_64-pc-linux-gnu",
              "archiveFileName": "mkspiffs-0.1.2-linux64.tar.gz",
              "size": "46281"
            },
            {
              "url": "https://github.com/igrr/mkspiffs/releases/download/0.1.2/mkspiffs-0.1.2-linux32.tar.gz",
              "checksum": "SHA-256:e990d545dfcae308aabaac5fa9e1db734cc2b08167969e7eedac88bd0839667c",
              "host": "i686-pc-linux-gnu",
              "archiveFileName": "mkspiffs-0.1.2-linux32.tar.gz",
              "size": "45272"
            }
          ]
        }
      ],
      "email": "ivan@esp8266.com",
      "name": "esp8266"
    }
  ]
}
